Workbook

Sheet Read me
A1: Architecture of Grace - Pilot Outcome Tracker
A2: A simple, private workbook to log a pilot and see growth. You own this file; nothing is sent anywhere.
A4: HOW TO USE
A5: 1. Roster tab (PRIVATE): give each student a CODE, never use this with their name outside this file. Keep this tab in the school only.
A6: 2. Log tab: one row per student per check-in window (Fall / Winter / Spring). Enter the three domain scores (0-100).
A7: 3. Composite and Band fill in automatically. Band: 75-100 Doing well - 50-74 Worth a reflection - 0-49 Needs support.
A8: 4. Summary tab: see how many students are in each band and the share at or above the target, by window.
A10: WHAT TO MEASURE (suggested)
A11: - Movement: share of students who rise at least one band from Fall to Spring.
A12: - Growth: average composite change per window, and per domain (A / B / C).
A13: - Goals: for students with a Grace Goal, whether they reached the target band.
A14: - Voice: short teacher and parent feedback (a few sentences each) - kept on the Feedback tab.
... A18: Privacy / IEP data use should be reviewed by your district counsel and IT before deployment.

Sheet Roster (PRIVATE)
A1: PRIVATE - the code-to-name key. Keep this tab in the school only. It is never synced or shared.
A2: student_code | B2: student_name | C2: grade | D2: class | E2: notes
A3: RM3B-7HQ4 | B3: (example) Maya R. | C3: 3 | D3: 3B | E3: sample row - replace

Sheet Log
A1: student_code | B1: window | C1: date | D1: A (Regulation) | E1: B (Self-Compassion) | F1: C (Social & Repair) | G1: composite | H1: band | I1: goal competency | J1: goal status | K1: notes
A2: RM3B-7HQ4 | B2: Fall | C2: 2025-09-22 | D2: 44 | E2: 52 | F2: 46 | G2: =IF(COUNT(D2:F2)=0,"",ROUND(AVERAGE(D2:F2),0)) -> 47 | H2: =IF(G2="","",IF(G2>=75,"Doing well",IF(G2>=50,"Worth a reflection","Needs support"))) -> Needs support | I2: The Repair Move | J2: baseline | K2: first window
G3: =IF(COUNT(D3:F3)=0,"",ROUND(AVERAGE(D3:F3),0)) | H3: =IF(G3="","",IF(G3>=75,"Doing well",IF(G3>=50,"Worth a reflection","Needs support")))
G4: =IF(COUNT(D4:F4)=0,"",ROUND(AVERAGE(D4:F4),0)) | H4: =IF(G4="","",IF(G4>=75,"Doing well",IF(G4>=50,"Worth a reflection","Needs support")))
G5: =IF(COUNT(D5:F5)=0,"",ROUND(AVERAGE(D5:F5),0)) | H5: =IF(G5="","",IF(G5>=75,"Doing well",IF(G5>=50,"Worth a reflection","Needs support")))
G6: =IF(COUNT(D6:F6)=0,"",ROUND(AVERAGE(D6:F6),0)) | H6: =IF(G6="","",IF(G6>=75,"Doing well",IF(G6>=50,"Worth a reflection","Needs support")))
G7: =IF(COUNT(D7:F7)=0,"",ROUND(AVERAGE(D7:F7),0)) | H7: =IF(G7="","",IF(G7>=75,"Doing well",IF(G7>=50,"Worth a reflection","Needs support")))
G8: =IF(COUNT(D8:F8)=0,"",ROUND(AVERAGE(D8:F8),0)) | H8: =IF(G8="","",IF(G8>=75,"Doing well",IF(G8>=50,"Worth a reflection","Needs support")))
G9: =IF(COUNT(D9:F9)=0,"",ROUND(AVERAGE(D9:F9),0)) | H9: =IF(G9="","",IF(G9>=75,"Doing well",IF(G9>=50,"Worth a reflection","Needs support")))
G10: =IF(COUNT(D10:F10)=0,"",ROUND(AVERAGE(D10:F10),0)) | H10: =IF(G10="","",IF(G10>=75,"Doing well",IF(G10>=50,"Worth a reflection","Needs support")))
G11: =IF(COUNT(D11:F11)=0,"",ROUND(AVERAGE(D11:F11),0)) | H11: =IF(G11="","",IF(G11>=75,"Doing well",IF(G11>=50,"Worth a reflection","Needs support")))
G12: =IF(COUNT(D12:F12)=0,"",ROUND(AVERAGE(D12:F12),0)) | H12: =IF(G12="","",IF(G12>=75,"Doing well",IF(G12>=50,"Worth a reflection","Needs support")))
G13: =IF(COUNT(D13:F13)=0,"",ROUND(AVERAGE(D13:F13),0)) | H13: =IF(G13="","",IF(G13>=75,"Doing well",IF(G13>=50,"Worth a reflection","Needs support")))
G14: =IF(COUNT(D14:F14)=0,"",ROUND(AVERAGE(D14:F14),0)) | H14: =IF(G14="","",IF(G14>=75,"Doing well",IF(G14>=50,"Worth a reflection","Needs support")))
... G120: =IF(COUNT(D120:F120)=0,"",ROUND(AVERAGE(D120:F120),0)) | H120: =IF(G120="","",IF(G120>=75,"Doing well",IF(G120>=50,"Worth a reflection","Needs support")))

Sheet Summary
A1: Pilot Summary
A2: Entries logged | B2: =COUNT(Log!G2:G200) -> 1
A3: Doing well (75-100) | B3: =COUNTIF(Log!H2:H200,"Doing well") -> 0
A4: Worth a reflection (50-74) | B4: =COUNTIF(Log!H2:H200,"Worth a reflection") -> 0
A5: Needs support (0-49) | B5: =COUNTIF(Log!H2:H200,"Needs support") -> 1
A6: Share at or above target | B6: =IF(B2=0,"",(B3+B4)/B2) -> 0
A7: Average composite | B7: =IFERROR(ROUND(AVERAGE(Log!G2:G200),1),"") -> 47
A9: Tip: filter the Log tab by window (Fall/Winter/Spring) to compare bands across windows.
